{   "offices":{
    "type": "FeatureCollection",
    "features": [
    {
    "type": "Feature",
    "geometry": {
    "type": "Point",
    "coordinates": [
        -96.96212022186015, 32.90109445964108
    ]
    },
    "properties": {
    "Name": "Microsoft - Las Colinas",
    "Address": "7100 State Hwy 161",
    "City": "Irving",
    "State": "TX",
    "ZipCode": "75039",
    "Country": "USA",
    "EntityType": "Office",
    "id": 1
    }
    },
    {
    "type": "Feature",
    "geometry": {
    "type": "Point",
    "coordinates": [
        -122.1371288531619, 47.64385722798486
    ]
    },
    "properties": {
    "Name": "Microsoft - Redmond",
    "Address": "Microsoft Building 92, NE 36th St",
    "City": "Redmond",
    "State": "WA",
    "ZipCode": "98052",
    "Country": "USA",
    "EntityType": "Office",
    "id":2
    }
    },
    {
    "type": "Feature",
    "geometry": {
    "type": "Point",
    "coordinates": [
        -87.62150146573853, 41.885426416227205 
    ]
    },
    "properties": {
    "Name": "Microsoft - Chicago",
    "Address": "200 E Randolph St #200",
    "City": "Chicago",
    "State": "IL",
    "ZipCode": "60601",
    "Country": "USA",
    "EntityType": "Office",
    "id":3
    }
    }]},
    "office":[
        {
            "id": 1,
            "address": "7100 State Hwy 161",
            "city": "Irving",
            "country": "USA",
            "entityType": "Office",
            "name": "Microsoft - Las Colinas",
            "state": "TX",
            "zipcode": "75039",
            "rooms": [1,4,7,10,13]
        },
        {
            "id": 2,
            "address": "Microsoft Building 92, NE 36th St",
            "city": "Redmond",
            "country": "USA",
            "name": "Microsoft - Redmond",
            "state": "WA",
            "zipcode": "98052",
            "rooms": [2,5,8,11,14]
        },
        {
            "id": 3,
            "address": "1 Microsoft Way",
            "city": "Redmond",
            "country": "USA",
            "name": "Microsoft - Redmond",
            "state": "WA",
            "zipcode": "98052",
            "rooms": [3,6,9,12,15]
        }
    ],
    "rooms":[
        {
            "id": "1",
            "name": "Conference Room",
            "officeId": "1"
        },
        {
            "id": "4",
            "name": "Meeting Room 101",
            "officeId": "1"
        },
        {
            "id": "7",
            "name": "Auditorium",
            "officeId": "1"
        },
        {
            "id": "10",
            "name": "Break Room",
            "officeId": "1"
        },
        {
            "id": "13",
            "name": "Executive Lounge",
            "officeId": "1"
        },
        {
            "id": "2",
            "name": "Conference Room",
            "officeId": "2"
        },
        {
            "id": "5",
            "name": "Meeting Room 102",
            "officeId": "2"
        },
        {
            "id": "8",
            "name": "Auditorium",
            "officeId": "2"
        },
        {
            "id": "11",
            "name": "Break Room",
            "officeId": "2"
        },
        {
            "id": "14",
            "name": "Executive Lounge",
            "officeId": "2"
        },
        {
            "id": "3",
            "name": "Conference Room",
            "officeId": "3"
        },
        {
            "id": "6",
            "name": "Meeting Room 103",
            "officeId": "3"
        },
        {
            "id": "9",
            "name": "Auditorium",
            "officeId": "3"
        },
        {
            "id": "12",
            "name": "Break Room",
            "officeId": "3"
        },
        {
            "id": "15",
            "name": "Executive Lounge",
            "officeId": "3"
        }
    ],
    "schedule":[
        {
          "EventID": 1,
          "RoomID": 1,
          "EventName": "Product Launch Meeting",
          "EventOwner": "Jennifer Smith",
          "EventStartDateTime": "2023-10-01T09:00:00",
          "EventEndDateTime": "2023-10-01T11:00:00"
        },
        {
          "EventID": 2,
          "RoomID": 2,
          "EventName": "Team Offsite Discussion",
          "EventOwner": "Brian Johnson",
          "EventStartDateTime": "2023-10-02T10:00:00",
          "EventEndDateTime": "2023-10-02T15:00:00"
        },
        {
          "EventID": 3,
          "RoomID": 3,
          "EventName": "Financial Review",
          "EventOwner": "Charles Brown",
          "EventStartDateTime": "2023-10-03T13:00:00",
          "EventEndDateTime": "2023-10-03T15:00:00"
        },
        {
          "EventID": 4,
          "RoomID": 4,
          "EventName": "HR Policy Refresh",
          "EventOwner": "Natalie Davis",
          "EventStartDateTime": "2023-10-04T15:00:00",
          "EventEndDateTime": "2023-10-04T17:00:00"
        },
        {
          "EventID": 5,
          "RoomID": 5,
          "EventName": "Quarterly Sales Review",
          "EventOwner": "Erica Martinez",
          "EventStartDateTime": "2023-10-05T16:00:00",
          "EventEndDateTime": "2023-10-05T18:00:00"
        },
        {
          "EventID": 6,
          "RoomID": 6,
          "EventName": "Engineering Sprint Retrospective",
          "EventOwner": "Derek Clark",
          "EventStartDateTime": "2023-10-06T09:00:00",
          "EventEndDateTime": "2023-10-06T10:30:00"
        },
        {
          "EventID": 7,
          "RoomID": 7,
          "EventName": "Design Thinking Workshop",
          "EventOwner": "Angela Robinson",
          "EventStartDateTime": "2023-10-07T11:00:00",
          "EventEndDateTime": "2023-10-07T15:00:00"
        },
        {
          "EventID": 8,
          "RoomID": 8,
          "EventName": "Customer Feedback Session",
          "EventOwner": "Oliver Wilson",
          "EventStartDateTime": "2023-10-08T14:00:00",
          "EventEndDateTime": "2023-10-08T16:30:00"
        },
        {
          "EventID": 9,
          "RoomID": 9,
          "EventName": "Marketing Strategy Planning",
          "EventOwner": "Isabella Taylor",
          "EventStartDateTime": "2023-10-09T09:00:00",
          "EventEndDateTime": "2023-10-09T12:30:00"
        },
        {
          "EventID": 10,
          "RoomID": 10,
          "EventName": "Leadership Training",
          "EventOwner": "Sophia Lee",
          "EventStartDateTime": "2023-10-10T12:00:00",
          "EventEndDateTime": "2023-10-10T15:00:00"
        }
      ]
}