{
    "type": "FeatureCollection",
    "features": [
      {
        "type": "Feature",
        "geometry": {
          "type": "Point",
          "coordinates": [
            -96.96212022186015,
            32.90109445964108
          ]
        },
        "properties": {
          "Name": "Microsoft - Las Colinas",
          "id": 1,
          "Address": "7100 State Hwy 161",
          "City": "Irving",
          "State": "TX",
          "ZipCode": "75039",
          "Country": "USA",
          "EntityType": "Office"
        }
      },
      {
        "type": "Feature",
        "geometry": {
          "type": "Point",
          "coordinates": [
            -122.1371288531619,
            47.64385722798486
          ]
        },
        "properties": {
          "Name": "Microsoft - Redmond",
          "id": 2,
          "Address": "Microsoft Building 92, NE 36th St",
          "City": "Redmond",
          "State": "WA",
          "ZipCode": "98052",
          "Country": "USA",
          "EntityType": "Office"
        }
      },
      {
        "type": "Feature",
        "geometry": {
          "type": "Point",
          "coordinates": [
            -87.62150146573853,
            41.885426416227205
          ]
        },
        "properties": {
          "Name": "Microsoft - Chicago",
          "id": 3,
          "Address": "200 E Randolph St #200",
          "City": "Chicago",
          "State": "IL",
          "ZipCode": "60601",
          "Country": "USA",
          "EntityType": "Office"
        }
      }
    ]
  }